{"cameraMode":{"drawMode":0,"name":"Shaded","section":"Shading Mode"},"sceneLighting":false,"audioPlay":false,"sceneViewState":{"showFog":true,"showMaterialUpdate":false,"showSkybox":false,"showFlares":true,"showImageEffects":true,"showParticleSystems":true},"in2DMode":false,"pivot":{"x":0.009853631258010865,"y":2.5958566665649416,"z":0.0},"rotation":{"x":0.13514065742492677,"y":-0.1324634999036789,"z":0.01843399554491043,"w":0.9818300604820252},"size":2.968632221221924,"orthographic":false}