{"cameraMode":{"drawMode":0,"name":"Shaded","section":"Shading Mode"},"sceneLighting":false,"audioPlay":false,"sceneViewState":{"showFog":true,"showMaterialUpdate":false,"showSkybox":false,"showFlares":true,"showImageEffects":true,"showParticleSystems":true},"in2DMode":false,"pivot":{"x":5.240997314453125,"y":0.600006103515625,"z":9.029998779296875},"rotation":{"x":0.11386016011238098,"y":0.8104947805404663,"z":-0.1679334193468094,"w":0.5495051741600037},"size":1433.6591796875,"orthographic":false}