{"cameraMode":{"drawMode":0,"name":"Shaded","section":"Shading Mode"},"sceneLighting":false,"audioPlay":false,"sceneViewState":{"showFog":true,"showMaterialUpdate":false,"showSkybox":false,"showFlares":true,"showImageEffects":true,"showParticleSystems":true},"in2DMode":false,"pivot":{"x":-3.5269999504089357,"y":-0.1595049798488617,"z":-5.066999912261963},"rotation":{"x":0.030117217451334,"y":-0.7642770409584045,"z":0.035814058035612109,"w":0.6432299017906189},"size":5.433802604675293,"orthographic":false}